{"locations": [{"distance": 5, "city": "Волоатск", "place": "Офис", "id": 75001, "country": "Великобритания"}, {"distance": 95, "city": "Кроновск", "place": "Замок", "id": 75002, "country": "Грузия"}, {"distance": 57, "city": "Ньюград", "place": "Дорожка", "id": 75003, "country": "Индонезия"}, {"distance": 70, "city": "Росбург", "place": "Замок", "id": 75004, "country": "Литва"}, {"distance": 71, "city": "Кронква", "place": "Пруд", "id": 75005, "country": "Австралия"}, {"distance": 2, "city": "Росово", "place": "Уступ", "id": 75006, "country": "Австралия"}, {"distance": 57, "city": "Санктдорф", "place": "Забор", "id": 75007, "country": "Египет"}, {"distance": 11, "city": "Роттератск", "place": "Фонтан", "id": 75008, "country": "Казахстан"}, {"distance": 100, "city": "Лейповск", "place": "Могила", "id": 75009, "country": "Уругвай"}, {"distance": 43, "city": "Новоово", "place": "Улочка", "id": 75010, "country": "Непал"}, {"distance": 60, "city": "Лиссаомск", "place": "Набережная", "id": 75011, "country": "Бруней"}, {"distance": 53, "city": "Володам", "place": "Аэропорт", "id": 75012, "country": "Непал"}, {"distance": 45, "city": "Амстерелона", "place": "Скала", "id": 75013, "country": "Иордания"}, {"distance": 63, "city": "Зеленоелона", "place": "Дача", "id": 75014, "country": "Уругвай"}, {"distance": 89, "city": "Лейпстан", "place": "Фонарь", "id": 75015, "country": "Испания"}, {"distance": 66, "city": "Зеленоовск", "place": "Море", "id": 75016, "country": "Аргентина"}, {"distance": 20, "city": "Краснобирск", "place": "Ресторан", "id": 75017, "country": "Китай"}, {"distance": 35, "city": "Лесоква", "place": "Дача", "id": 75018, "country": "Румыния"}, {"distance": 65, "city": "Роттердам", "place": "Переулок", "id": 75019, "country": "Россия"}, {"distance": 86, "city": "Зеленосинки", "place": "Ручей", "id": 75020, "country": "Канада"}, {"distance": 74, "city": "Лейпдам", "place": "Улица", "id": 75021, "country": "Греция"}, {"distance": 78, "city": "Санктбург", "place": "Фонтан", "id": 75022, "country": "Греция"}, {"distance": 96, "city": "Лесоомск", "place": "Скала", "id": 75023, "country": "Лаос"}, {"distance": 95, "city": "Ньюква", "place": "Озеро", "id": 75024, "country": "Греция"}, {"distance": 21, "city": "Лесобирск", "place": "Переулок", "id": 75025, "country": "Венесуэлла"}, {"distance": 68, "city": "Зеленосинки", "place": "Фонарь", "id": 75026, "country": "Австралия"}, {"distance": 64, "city": "Красностан", "place": "Гараж", "id": 75027, "country": "Канада"}, {"distance": 12, "city": "Новоинск", "place": "Статуя", "id": 75028, "country": "Палау"}, {"distance": 4, "city": "Новоград", "place": "Уступ", "id": 75029, "country": "Палау"}, {"distance": 43, "city": "Мурламск", "place": "Улочка", "id": 75030, "country": "Шри-Ланка"}, {"distance": 83, "city": "Красноярск", "place": "Озеро", "id": 75031, "country": "Швеция"}, {"distance": 23, "city": "Барсатск", "place": "Могила", "id": 75032, "country": "Индия"}, {"distance": 52, "city": "Росатск", "place": "Двор", "id": 75033, "country": "Мальта"}, {"distance": 61, "city": "Роттербон", "place": "Серпантин", "id": 75034, "country": "Дания"}, {"distance": 12, "city": "Волосинки", "place": "Улица", "id": 75035, "country": "Испания"}, {"distance": 91, "city": "Санктсинки", "place": "Озеро", "id": 75036, "country": "Греция"}, {"distance": 50, "city": "Моссинки", "place": "Аэропорт", "id": 75037, "country": "Камбоджа"}, {"distance": 34, "city": "Новоелона", "place": "Скала", "id": 75038, "country": "Лаос"}, {"distance": 5, "city": "Лейпштадт", "place": "Статуя", "id": 75039, "country": "Испания"}, {"distance": 22, "city": "Кронгород", "place": "Улица", "id": 75040, "country": "Грузия"}, {"distance": 49, "city": "Барсинск", "place": "Гараж", "id": 75041, "country": "Индия"}, {"distance": 49, "city": "Лейпатск", "place": "Гора", "id": 75042, "country": "ЮАР"}, {"distance": 72, "city": "Лесоярск", "place": "Аэропорт", "id": 75043, "country": "Египет"}, {"distance": 81, "city": "Амстерштадт", "place": "Здание", "id": 75044, "country": "Парагвай"}, {"distance": 12, "city": "Ньюярск", "place": "Море", "id": 75045, "country": "Аргентина"}, {"distance": 61, "city": "Мосштадт", "place": "Лес", "id": 75046, "country": "Франция"}, {"distance": 40, "city": "Лейпелона", "place": "Серпантин", "id": 75047, "country": "Норвегия"}, {"distance": 54, "city": "Барсярск", "place": "Море", "id": 75048, "country": "Индонезия"}, {"distance": 81, "city": "Лейпатск", "place": "Пруд", "id": 75049, "country": "Австралия"}, {"distance": 92, "city": "Беломск", "place": "Улочка", "id": 75050, "country": "Венесуэлла"}, {"distance": 58, "city": "Роселона", "place": "Скала", "id": 75051, "country": "Маврикий"}, {"distance": 76, "city": "Москва", "place": "Парк", "id": 75052, "country": "Эстония"}, {"distance": 84, "city": "Зеленоинск", "place": "Серпантин", "id": 75053, "country": "Новая зеландия"}, {"distance": 95, "city": "Амстерштадт", "place": "Статуя", "id": 75054, "country": "Новая зеландия"}, {"distance": 55, "city": "Ньюдорф", "place": "Ратуша", "id": 75055, "country": "Индонезия"}, {"distance": 8, "city": "Ньюбирск", "place": "Склон", "id": 75056, "country": "Грузия"}, {"distance": 9, "city": "Ньюярск", "place": "Гараж", "id": 75057, "country": "Казахстан"}, {"distance": 74, "city": "Ньюбург", "place": "Озеро", "id": 75058, "country": "Белоруссия"}, {"distance": 69, "city": "Лесоелона", "place": "Забор", "id": 75059, "country": "Швейцария"}, {"distance": 25, "city": "Белдам", "place": "Переулок", "id": 75060, "country": "Малайзия"}, {"distance": 56, "city": "Лесоово", "place": "Ресторан", "id": 75061, "country": "Болгария"}, {"distance": 19, "city": "Росовск", "place": "Забор", "id": 75062, "country": "Таиланд"}, {"distance": 30, "city": "Амстердорф", "place": "Поместье", "id": 75063, "country": "Венгрия"}, {"distance": 63, "city": "Росград", "place": "Ратуша", "id": 75064, "country": "Швейцария"}, {"distance": 71, "city": "Зеленоовск", "place": "Парк", "id": 75065, "country": "Швеция"}, {"distance": 86, "city": "Зеленогород", "place": "Склон", "id": 75066, "country": "Украина"}, {"distance": 61, "city": "Варатск", "place": "Набережная", "id": 75067, "country": "Индия"}, {"distance": 83, "city": "Кронсинки", "place": "Набережная", "id": 75068, "country": "Эстония"}, {"distance": 22, "city": "Мурламск", "place": "Фонарь", "id": 75069, "country": "Вьетнам"}, {"distance": 55, "city": "Красноелона", "place": "Пристань", "id": 75070, "country": "Египет"}, {"distance": 67, "city": "Амстербург", "place": "Двор", "id": 75071, "country": "Непал"}, {"distance": 85, "city": "Лиссадам", "place": "Дорожка", "id": 75072, "country": "Норвегия"}, {"distance": 43, "city": "Мосград", "place": "Переулок", "id": 75073, "country": "Палау"}, {"distance": 57, "city": "Лейпдорф", "place": "Дом", "id": 75074, "country": "Пакистан"}, {"distance": 13, "city": "Росинск", "place": "Парк", "id": 75075, "country": "Коста-Рика"}, {"distance": 68, "city": "Роттерово", "place": "Дорожка", "id": 75076, "country": "Норвегия"}, {"distance": 94, "city": "Варбирск", "place": "Статуя", "id": 75077, "country": "Россия"}, {"distance": 32, "city": "Лиссаква", "place": "Серпантин", "id": 75078, "country": "Уругвай"}, {"distance": 97, "city": "Амстерква", "place": "Переулок", "id": 75079, "country": "Болгария"}, {"distance": 48, "city": "Варламск", "place": "Ресторан", "id": 75080, "country": "Грузия"}, {"distance": 6, "city": "Лейпбург", "place": "Озеро", "id": 75081, "country": "Венесуэлла"}, {"distance": 19, "city": "Барсгород", "place": "Улочка", "id": 75082, "country": "Таиланд"}, {"distance": 53, "city": "Белриж", "place": "Парк", "id": 75083, "country": "Великобритания"}, {"distance": 29, "city": "Кронинск", "place": "Поместье", "id": 75084, "country": "Литва"}, {"distance": 39, "city": "Росанск", "place": "Море", "id": 75085, "country": "Парагвай"}, {"distance": 99, "city": "Амстерярск", "place": "Мост", "id": 75086, "country": "Италия"}, {"distance": 13, "city": "Росгород", "place": "Улица", "id": 75087, "country": "Испания"}, {"distance": 66, "city": "Барсламск", "place": "Могила", "id": 75088, "country": "Швеция"}, {"distance": 45, "city": "Лейпква", "place": "Статуя", "id": 75089, "country": "Франция"}, {"distance": 86, "city": "Варгород", "place": "Гараж", "id": 75090, "country": "Украина"}, {"distance": 9, "city": "Мосатск", "place": "Поместье", "id": 75091, "country": "Бразилия"}, {"distance": 92, "city": "Новоярск", "place": "Ручей", "id": 75092, "country": "Швеция"}, {"distance": 89, "city": "Красноярск", "place": "Улица", "id": 75093, "country": "Турция"}, {"distance": 5, "city": "Роттерштадт", "place": "Могила", "id": 75094, "country": "Аргентина"}, {"distance": 1, "city": "Мосовск", "place": "Склон", "id": 75095, "country": "Великобритания"}, {"distance": 90, "city": "Барсламск", "place": "Уступ", "id": 75096, "country": "Литва"}, {"distance": 24, "city": "Санктстан", "place": "Пристань", "id": 75097, "country": "Казахстан"}, {"distance": 4, "city": "Кронстан", "place": "Двор", "id": 75098, "country": "Мальта"}, {"distance": 24, "city": "Кронламск", "place": "Забор", "id": 75099, "country": "Белоруссия"}, {"distance": 58, "city": "Лиссаомск", "place": "Забор", "id": 75100, "country": "Маврикий"}, {"distance": 95, "city": "Барсгород", "place": "Речка", "id": 75101, "country": "Парагвай"}, {"distance": 37, "city": "Красногама", "place": "Озеро", "id": 75102, "country": "ЮАР"}, {"distance": 8, "city": "Кронатск", "place": "Дом", "id": 75103, "country": "Шри-Ланка"}, {"distance": 41, "city": "Лесодам", "place": "Аэропорт", "id": 75104, "country": "Маврикий"}, {"distance": 95, "city": "Муратск", "place": "Дом", "id": 75105, "country": "США"}, {"distance": 64, "city": "Зеленоинск", "place": "Пристань", "id": 75106, "country": "Фиджи"}, {"distance": 38, "city": "Варламск", "place": "Дача", "id": 75107, "country": "Швеция"}, {"distance": 70, "city": "Амстеранск", "place": "Статуя", "id": 75108, "country": "Израиль"}, {"distance": 65, "city": "Санктква", "place": "Гараж", "id": 75109, "country": "Армения"}, {"distance": 46, "city": "Новобург", "place": "Парк", "id": 75110, "country": "Камбоджа"}, {"distance": 61, "city": "Мурдам", "place": "Ручей", "id": 75111, "country": "Шри-Ланка"}, {"distance": 87, "city": "Ньюква", "place": "Гараж", "id": 75112, "country": "Фиджи"}, {"distance": 76, "city": "Кронанск", "place": "Парк", "id": 75113, "country": "Индия"}, {"distance": 49, "city": "Лиссаград", "place": "Фонтан", "id": 75114, "country": "Швеция"}, {"distance": 20, "city": "Мосгород", "place": "Ресторан", "id": 75115, "country": "Румыния"}, {"distance": 68, "city": "Барсгород", "place": "Площадь", "id": 75116, "country": "Бруней"}, {"distance": 85, "city": "Лиссаелона", "place": "Дерево", "id": 75117, "country": "ЮАР"}, {"distance": 63, "city": "Лиссабирск", "place": "Пристань", "id": 75118, "country": "Лаос"}, {"distance": 41, "city": "Варинск", "place": "Склон", "id": 75119, "country": "Япония"}, {"distance": 57, "city": "Володам", "place": "Пристань", "id": 75120, "country": "Болгария"}, {"distance": 58, "city": "Новобирск", "place": "Улочка", "id": 75121, "country": "Аргентина"}, {"distance": 9, "city": "Роттербург", "place": "Речка", "id": 75122, "country": "Новая зеландия"}, {"distance": 92, "city": "Новогород", "place": "Фонарь", "id": 75123, "country": "Камбоджа"}, {"distance": 6, "city": "Лесосинки", "place": "Ратуша", "id": 75124, "country": "Венгрия"}, {"distance": 44, "city": "Росгама", "place": "Склон", "id": 75125, "country": "Великобритания"}, {"distance": 52, "city": "Санктштадт", "place": "Пристань", "id": 75126, "country": "Китай"}, {"distance": 70, "city": "Барсква", "place": "Дом", "id": 75127, "country": "Латвия"}, {"distance": 49, "city": "Барсинск", "place": "Набережная", "id": 75128, "country": "Коста-Рика"}, {"distance": 59, "city": "Красногама", "place": "Аэропорт", "id": 75129, "country": "Нидерланды"}, {"distance": 94, "city": "Роттергама", "place": "Дорожка", "id": 75130, "country": "Венгрия"}, {"distance": 41, "city": "Санктград", "place": "Озеро", "id": 75131, "country": "Нидерланды"}, {"distance": 49, "city": "Белламск", "place": "Двор", "id": 75132, "country": "Турция"}, {"distance": 83, "city": "Лиссагород", "place": "Набережная", "id": 75133, "country": "Испания"}, {"distance": 43, "city": "Новодорф", "place": "Дорожка", "id": 75134, "country": "Финляндия"}, {"distance": 89, "city": "Барссинки", "place": "Переулок", "id": 75135, "country": "Аргентина"}, {"distance": 7, "city": "Лесоово", "place": "Замок", "id": 75136, "country": "Таиланд"}, {"distance": 56, "city": "Кронштадт", "place": "Улица", "id": 75137, "country": "Германия"}, {"distance": 80, "city": "Зеленодам", "place": "Улица", "id": 75138, "country": "Мексика"}, {"distance": 37, "city": "Варгород", "place": "Замок", "id": 75139, "country": "Швейцария"}, {"distance": 10, "city": "Ньюярск", "place": "Улочка", "id": 75140, "country": "Испания"}, {"distance": 12, "city": "Беломск", "place": "Дорожка", "id": 75141, "country": "Грузия"}, {"distance": 69, "city": "Барсдорф", "place": "Ратуша", "id": 75142, "country": "США"}, {"distance": 38, "city": "Беловск", "place": "Дом", "id": 75143, "country": "Чили"}, {"distance": 38, "city": "Ньюква", "place": "Уступ", "id": 75144, "country": "Камбоджа"}, {"distance": 98, "city": "Барсгама", "place": "Забор", "id": 75145, "country": "Германия"}, {"distance": 54, "city": "Кронярск", "place": "Ратуша", "id": 75146, "country": "Украина"}, {"distance": 24, "city": "Барсинск", "place": "Набережная", "id": 75147, "country": "Германия"}, {"distance": 4, "city": "Ньюсинки", "place": "Улица", "id": 75148, "country": "Непал"}, {"distance": 89, "city": "Лиссаярск", "place": "Фонарь", "id": 75149, "country": "Бразилия"}, {"distance": 67, "city": "Лиссариж", "place": "Двор", "id": 75150, "country": "Эстония"}, {"distance": 54, "city": "Санктярск", "place": "Ручей", "id": 75151, "country": "Иордания"}, {"distance": 5, "city": "Росдорф", "place": "Замок", "id": 75152, "country": "Болгария"}, {"distance": 48, "city": "Амстергама", "place": "Аэропорт", "id": 75153, "country": "Индонезия"}, {"distance": 41, "city": "Мосбург", "place": "Пруд", "id": 75154, "country": "Таиланд"}, {"distance": 65, "city": "Лиссаанск", "place": "Здание", "id": 75155, "country": "Болгария"}, {"distance": 17, "city": "Новоламск", "place": "Улица", "id": 75156, "country": "Греция"}, {"distance": 17, "city": "Росштадт", "place": "Речка", "id": 75157, "country": "Франция"}, {"distance": 86, "city": "Роттербург", "place": "Ручей", "id": 75158, "country": "Мальта"}, {"distance": 16, "city": "Варовск", "place": "Ручей", "id": 75159, "country": "Вьетнам"}, {"distance": 18, "city": "Лесоград", "place": "Офис", "id": 75160, "country": "Австралия"}, {"distance": 11, "city": "Амстерлёв", "place": "Замок", "id": 75161, "country": "Румыния"}, {"distance": 66, "city": "Санктово", "place": "Море", "id": 75162, "country": "Эстония"}, {"distance": 82, "city": "Кронгама", "place": "Дерево", "id": 75163, "country": "Таиланд"}, {"distance": 5, "city": "Лиссабург", "place": "Набережная", "id": 75164, "country": "Чили"}, {"distance": 80, "city": "Волоинск", "place": "Замок", "id": 75165, "country": "Грузия"}, {"distance": 28, "city": "Варгород", "place": "Ресторан", "id": 75166, "country": "Малайзия"}, {"distance": 39, "city": "Росстан", "place": "Улочка", "id": 75167, "country": "Маврикий"}, {"distance": 71, "city": "Ньюово", "place": "Дом", "id": 75168, "country": "США"}, {"distance": 88, "city": "Белсинки", "place": "Улочка", "id": 75169, "country": "Аргентина"}, {"distance": 22, "city": "Волобон", "place": "Скала", "id": 75170, "country": "Украина"}, {"distance": 89, "city": "Белриж", "place": "Гараж", "id": 75171, "country": "Белоруссия"}, {"distance": 5, "city": "Ньюриж", "place": "Дерево", "id": 75172, "country": "Белоруссия"}, {"distance": 1, "city": "Новобирск", "place": "Аэропорт", "id": 75173, "country": "Таиланд"}, {"distance": 95, "city": "Муровск", "place": "Речка", "id": 75174, "country": "Венгрия"}, {"distance": 47, "city": "Краснориж", "place": "Дом", "id": 75175, "country": "Латвия"}, {"distance": 63, "city": "Кронштадт", "place": "Офис", "id": 75176, "country": "Таиланд"}, {"distance": 72, "city": "Лейпово", "place": "Поместье", "id": 75177, "country": "Уругвай"}, {"distance": 14, "city": "Володорф", "place": "Поместье", "id": 75178, "country": "Фиджи"}, {"distance": 16, "city": "Росовск", "place": "Гора", "id": 75179, "country": "Палау"}, {"distance": 98, "city": "Кронбург", "place": "Здание", "id": 75180, "country": "Бруней"}, {"distance": 42, "city": "Кронелона", "place": "Дорожка", "id": 75181, "country": "Индонезия"}, {"distance": 91, "city": "Новолёв", "place": "Дом", "id": 75182, "country": "Болгария"}, {"distance": 79, "city": "Вологород", "place": "Переулок", "id": 75183, "country": "Норвегия"}, {"distance": 82, "city": "Барсква", "place": "Серпантин", "id": 75184, "country": "Аргентина"}, {"distance": 50, "city": "Лейпинск", "place": "Поместье", "id": 75185, "country": "Фиджи"}, {"distance": 2, "city": "Новостан", "place": "Речка", "id": 75186, "country": "Венгрия"}, {"distance": 64, "city": "Санктбург", "place": "Поместье", "id": 75187, "country": "Белоруссия"}, {"distance": 7, "city": "Россинки", "place": "Гора", "id": 75188, "country": "Великобритания"}, {"distance": 54, "city": "Зеленоламск", "place": "Пристань", "id": 75189, "country": "Венесуэлла"}, {"distance": 71, "city": "Белатск", "place": "Мост", "id": 75190, "country": "Румыния"}, {"distance": 52, "city": "Мосинск", "place": "Озеро", "id": 75191, "country": "Болгария"}, {"distance": 77, "city": "Барсдорф", "place": "Статуя", "id": 75192, "country": "Палау"}, {"distance": 91, "city": "Санктстан", "place": "Забор", "id": 75193, "country": "Маврикий"}, {"distance": 78, "city": "Лиссариж", "place": "Скала", "id": 75194, "country": "Мальдивы"}, {"distance": 56, "city": "Амстерштадт", "place": "Озеро", "id": 75195, "country": "Эстония"}, {"distance": 64, "city": "Зеленоград", "place": "Лес", "id": 75196, "country": "Белоруссия"}, {"distance": 79, "city": "Зеленобон", "place": "Набережная", "id": 75197, "country": "Маврикий"}, {"distance": 68, "city": "Крондорф", "place": "Аэропорт", "id": 75198, "country": "Латвия"}, {"distance": 25, "city": "Лесостан", "place": "Переулок", "id": 75199, "country": "Турция"}, {"distance": 43, "city": "Барсстан", "place": "Ручей", "id": 75200, "country": "Румыния"}, {"distance": 67, "city": "Амстератск", "place": "Магазин", "id": 75201, "country": "Камбоджа"}, {"distance": 40, "city": "Зеленодорф", "place": "Гараж", "id": 75202, "country": "Армения"}, {"distance": 17, "city": "Зеленоква", "place": "Скала", "id": 75203, "country": "Казахстан"}, {"distance": 63, "city": "Ньюовск", "place": "Здание", "id": 75204, "country": "Великобритания"}, {"distance": 63, "city": "Кронанск", "place": "Площадь", "id": 75205, "country": "Нидерланды"}, {"distance": 44, "city": "Новориж", "place": "Офис", "id": 75206, "country": "Швейцария"}, {"distance": 81, "city": "Лейпанск", "place": "Скала", "id": 75207, "country": "Мальта"}, {"distance": 30, "city": "Зеленоатск", "place": "Переулок", "id": 75208, "country": "Египет"}, {"distance": 44, "city": "Волоово", "place": "Переулок", "id": 75209, "country": "Нидерланды"}, {"distance": 42, "city": "Варярск", "place": "Лес", "id": 75210, "country": "Фиджи"}, {"distance": 70, "city": "Ньюовск", "place": "Парк", "id": 75211, "country": "Иордания"}, {"distance": 38, "city": "Санктгама", "place": "Фонтан", "id": 75212, "country": "Армения"}, {"distance": 2, "city": "Волосинки", "place": "Лес", "id": 75213, "country": "Украина"}, {"distance": 1, "city": "Барслёв", "place": "Магазин", "id": 75214, "country": "Литва"}, {"distance": 96, "city": "Зеленоелона", "place": "Замок", "id": 75215, "country": "Франция"}, {"distance": 59, "city": "Барселона", "place": "Дорожка", "id": 75216, "country": "Германия"}, {"distance": 97, "city": "Барсинск", "place": "Серпантин", "id": 75217, "country": "Грузия"}, {"distance": 3, "city": "Беломск", "place": "Фонтан", "id": 75218, "country": "Нидерланды"}, {"distance": 86, "city": "Санктсинки", "place": "Набережная", "id": 75219, "country": "Канада"}, {"distance": 16, "city": "Варово", "place": "Ресторан", "id": 75220, "country": "Камбоджа"}, {"distance": 72, "city": "Роттерсинки", "place": "Замок", "id": 75221, "country": "Монголия"}, {"distance": 42, "city": "Красноовск", "place": "Море", "id": 75222, "country": "Парагвай"}, {"distance": 86, "city": "Новоатск", "place": "Забор", "id": 75223, "country": "Румыния"}, {"distance": 11, "city": "Лиссаанск", "place": "Улица", "id": 75224, "country": "Израиль"}, {"distance": 80, "city": "Белелона", "place": "Офис", "id": 75225, "country": "Франция"}, {"distance": 4, "city": "Ньюинск", "place": "Пристань", "id": 75226, "country": "Турция"}, {"distance": 9, "city": "Белстан", "place": "Улица", "id": 75227, "country": "Новая зеландия"}, {"distance": 24, "city": "Барсанск", "place": "Площадь", "id": 75228, "country": "Индия"}, {"distance": 29, "city": "Амстербон", "place": "Море", "id": 75229, "country": "Украина"}, {"distance": 46, "city": "Варштадт", "place": "Замок", "id": 75230, "country": "Швеция"}, {"distance": 35, "city": "Варштадт", "place": "Скала", "id": 75231, "country": "Шри-Ланка"}, {"distance": 94, "city": "Барсдам", "place": "Статуя", "id": 75232, "country": "Мальта"}, {"distance": 82, "city": "Амстерово", "place": "Ратуша", "id": 75233, "country": "Аргентина"}, {"distance": 14, "city": "Новогород", "place": "Дорожка", "id": 75234, "country": "Швейцария"}, {"distance": 92, "city": "Роттердам", "place": "Фонарь", "id": 75235, "country": "США"}, {"distance": 17, "city": "Мурдам", "place": "Дом", "id": 75236, "country": "Иордания"}, {"distance": 90, "city": "Барсдорф", "place": "Скала", "id": 75237, "country": "Дания"}, {"distance": 49, "city": "Санктелона", "place": "Мост", "id": 75238, "country": "Япония"}, {"distance": 66, "city": "Роттердорф", "place": "Аэропорт", "id": 75239, "country": "Индонезия"}, {"distance": 78, "city": "Ньюстан", "place": "Улица", "id": 75240, "country": "Нидерланды"}, {"distance": 75, "city": "Мосград", "place": "Статуя", "id": 75241, "country": "Финляндия"}, {"distance": 57, "city": "Роттердам", "place": "Замок", "id": 75242, "country": "Индонезия"}, {"distance": 37, "city": "Ньюинск", "place": "Дом", "id": 75243, "country": "Израиль"}, {"distance": 52, "city": "Кронанск", "place": "Дача", "id": 75244, "country": "Германия"}, {"distance": 20, "city": "Волоово", "place": "Поместье", "id": 75245, "country": "Бразилия"}, {"distance": 44, "city": "Красноламск", "place": "Гараж", "id": 75246, "country": "Фиджи"}, {"distance": 13, "city": "Лиссадорф", "place": "Дом", "id": 75247, "country": "Мальта"}, {"distance": 44, "city": "Беломск", "place": "Улочка", "id": 75248, "country": "Нидерланды"}, {"distance": 21, "city": "Белстан", "place": "Уступ", "id": 75249, "country": "Монголия"}, {"distance": 37, "city": "Лесогама", "place": "Дача", "id": 75250, "country": "Венгрия"}, {"distance": 42, "city": "Зеленоелона", "place": "Магазин", "id": 75251, "country": "Аргентина"}, {"distance": 42, "city": "Санктква", "place": "Набережная", "id": 75252, "country": "Литва"}, {"distance": 46, "city": "Лесоовск", "place": "Фонтан", "id": 75253, "country": "Эстония"}, {"distance": 81, "city": "Лейпстан", "place": "Мост", "id": 75254, "country": "Швеция"}, {"distance": 71, "city": "Варква", "place": "Ресторан", "id": 75255, "country": "Норвегия"}, {"distance": 29, "city": "Белатск", "place": "Пруд", "id": 75256, "country": "Мексика"}, {"distance": 81, "city": "Красноатск", "place": "Аэропорт", "id": 75257, "country": "Пакистан"}, {"distance": 35, "city": "Новосинки", "place": "Мост", "id": 75258, "country": "Фиджи"}, {"distance": 92, "city": "Амстератск", "place": "Здание", "id": 75259, "country": "Мальдивы"}, {"distance": 90, "city": "Амстергама", "place": "Дача", "id": 75260, "country": "Грузия"}, {"distance": 11, "city": "Лейпанск", "place": "Забор", "id": 75261, "country": "Белоруссия"}, {"distance": 6, "city": "Белриж", "place": "Дерево", "id": 75262, "country": "Фиджи"}, {"distance": 35, "city": "Новогород", "place": "Улочка", "id": 75263, "country": "Бразилия"}, {"distance": 25, "city": "Ньюбон", "place": "Озеро", "id": 75264, "country": "ЮАР"}, {"distance": 34, "city": "Зеленоква", "place": "Поместье", "id": 75265, "country": "Бразилия"}, {"distance": 99, "city": "Кронсинки", "place": "Пристань", "id": 75266, "country": "Исландия"}, {"distance": 6, "city": "Новоярск", "place": "Дерево", "id": 75267, "country": "Германия"}, {"distance": 86, "city": "Росярск", "place": "Лес", "id": 75268, "country": "Новая зеландия"}, {"distance": 67, "city": "Лесоинск", "place": "Забор", "id": 75269, "country": "Нидерланды"}, {"distance": 4, "city": "Санктбирск", "place": "Улочка", "id": 75270, "country": "Мексика"}, {"distance": 33, "city": "Лесоанск", "place": "Ресторан", "id": 75271, "country": "Дания"}, {"distance": 9, "city": "Волоярск", "place": "Пристань", "id": 75272, "country": "Турция"}, {"distance": 100, "city": "Мургама", "place": "Дом", "id": 75273, "country": "Египет"}, {"distance": 23, "city": "Барсламск", "place": "Мост", "id": 75274, "country": "Мексика"}, {"distance": 59, "city": "Роттербон", "place": "Ратуша", "id": 75275, "country": "Италия"}, {"distance": 54, "city": "Москва", "place": "Могила", "id": 75276, "country": "Фиджи"}, {"distance": 85, "city": "Росград", "place": "Двор", "id": 75277, "country": "Украина"}, {"distance": 6, "city": "Лейпбон", "place": "Речка", "id": 75278, "country": "Индонезия"}, {"distance": 54, "city": "Барсомск", "place": "Дача", "id": 75279, "country": "Норвегия"}, {"distance": 42, "city": "Росанск", "place": "Замок", "id": 75280, "country": "Венесуэлла"}, {"distance": 64, "city": "Росбирск", "place": "Аэропорт", "id": 75281, "country": "Литва"}, {"distance": 50, "city": "Варовск", "place": "Пруд", "id": 75282, "country": "Франция"}, {"distance": 85, "city": "Санктатск", "place": "Ресторан", "id": 75283, "country": "Китай"}, {"distance": 93, "city": "Варламск", "place": "Гараж", "id": 75284, "country": "Финляндия"}, {"distance": 42, "city": "Лиссадам", "place": "Офис", "id": 75285, "country": "Латвия"}, {"distance": 57, "city": "Ньюанск", "place": "Речка", "id": 75286, "country": "Уругвай"}, {"distance": 7, "city": "Мурбон", "place": "Офис", "id": 75287, "country": "Италия"}, {"distance": 74, "city": "Рослёв", "place": "Парк", "id": 75288, "country": "Сейшелы"}, {"distance": 47, "city": "Варелона", "place": "Пруд", "id": 75289, "country": "Армения"}, {"distance": 27, "city": "Лесоинск", "place": "Забор", "id": 75290, "country": "Бруней"}, {"distance": 47, "city": "Роттерламск", "place": "Офис", "id": 75291, "country": "Новая зеландия"}, {"distance": 12, "city": "Мурярск", "place": "Офис", "id": 75292, "country": "Мексика"}, {"distance": 35, "city": "Лесоинск", "place": "Скала", "id": 75293, "country": "Австралия"}, {"distance": 77, "city": "Кронлёв", "place": "Здание", "id": 75294, "country": "Венгрия"}, {"distance": 78, "city": "Белштадт", "place": "Офис", "id": 75295, "country": "Камбоджа"}, {"distance": 49, "city": "Лейпбург", "place": "Фонтан", "id": 75296, "country": "Канада"}, {"distance": 4, "city": "Росстан", "place": "Озеро", "id": 75297, "country": "Мексика"}, {"distance": 90, "city": "Лесоелона", "place": "Улочка", "id": 75298, "country": "Таиланд"}, {"distance": 13, "city": "Россинки", "place": "Здание", "id": 75299, "country": "Бразилия"}, {"distance": 51, "city": "Санктград", "place": "Ресторан", "id": 75300, "country": "Швейцария"}, {"distance": 28, "city": "Амстерштадт", "place": "Дом", "id": 75301, "country": "Чили"}, {"distance": 32, "city": "Санктбон", "place": "Ратуша", "id": 75302, "country": "Парагвай"}, {"distance": 49, "city": "Лиссасинки", "place": "Аэропорт", "id": 75303, "country": "Монголия"}, {"distance": 57, "city": "Ньюбон", "place": "Дом", "id": 75304, "country": "Индонезия"}, {"distance": 91, "city": "Ньюанск", "place": "Уступ", "id": 75305, "country": "Парагвай"}, {"distance": 46, "city": "Белгород", "place": "Улочка", "id": 75306, "country": "Египет"}, {"distance": 15, "city": "Кроново", "place": "Забор", "id": 75307, "country": "Белоруссия"}, {"distance": 69, "city": "Зеленобирск", "place": "Склон", "id": 75308, "country": "Маврикий"}, {"distance": 47, "city": "Мурлёв", "place": "Переулок", "id": 75309, "country": "Мальдивы"}, {"distance": 61, "city": "Барсстан", "place": "Пруд", "id": 75310, "country": "Новая зеландия"}, {"distance": 20, "city": "Варгама", "place": "Уступ", "id": 75311, "country": "Украина"}, {"distance": 68, "city": "Волоштадт", "place": "Площадь", "id": 75312, "country": "Малайзия"}, {"distance": 15, "city": "Лейпинск", "place": "Магазин", "id": 75313, "country": "Латвия"}, {"distance": 61, "city": "Санктдам", "place": "Набережная", "id": 75314, "country": "Болгария"}, {"distance": 13, "city": "Краснобург", "place": "Магазин", "id": 75315, "country": "Камбоджа"}, {"distance": 95, "city": "Санктбирск", "place": "Дорожка", "id": 75316, "country": "Бразилия"}, {"distance": 83, "city": "Роттерламск", "place": "Площадь", "id": 75317, "country": "Палау"}, {"distance": 27, "city": "Амстерриж", "place": "Статуя", "id": 75318, "country": "Новая зеландия"}, {"distance": 2, "city": "Зеленосинки", "place": "Лес", "id": 75319, "country": "США"}, {"distance": 94, "city": "Роттеромск", "place": "Набережная", "id": 75320, "country": "Италия"}, {"distance": 80, "city": "Новостан", "place": "Пристань", "id": 75321, "country": "Мексика"}, {"distance": 49, "city": "Лиссаград", "place": "Парк", "id": 75322, "country": "Австралия"}, {"distance": 80, "city": "Мосдам", "place": "Улица", "id": 75323, "country": "Бразилия"}, {"distance": 25, "city": "Ньюово", "place": "Лес", "id": 75324, "country": "Норвегия"}, {"distance": 35, "city": "Ньюовск", "place": "Пруд", "id": 75325, "country": "Бразилия"}, {"distance": 70, "city": "Варстан", "place": "Озеро", "id": 75326, "country": "Болгария"}, {"distance": 60, "city": "Новостан", "place": "Двор", "id": 75327, "country": "Венгрия"}, {"distance": 80, "city": "Лесоомск", "place": "Улица", "id": 75328, "country": "Германия"}, {"distance": 37, "city": "Мосдам", "place": "Море", "id": 75329, "country": "Швеция"}, {"distance": 62, "city": "Мурриж", "place": "Офис", "id": 75330, "country": "Мальта"}, {"distance": 3, "city": "Волобург", "place": "Двор", "id": 75331, "country": "Белоруссия"}, {"distance": 99, "city": "Моселона", "place": "Ручей", "id": 75332, "country": "Вьетнам"}, {"distance": 95, "city": "Санктштадт", "place": "Могила", "id": 75333, "country": "Швеция"}, {"distance": 95, "city": "Санктриж", "place": "Улица", "id": 75334, "country": "Мексика"}, {"distance": 57, "city": "Санктламск", "place": "Дерево", "id": 75335, "country": "Парагвай"}, {"distance": 6, "city": "Беломск", "place": "Озеро", "id": 75336, "country": "Болгария"}, {"distance": 1, "city": "Краснобург", "place": "Ратуша", "id": 75337, "country": "Украина"}, {"distance": 35, "city": "Красногама", "place": "Гараж", "id": 75338, "country": "Аргентина"}, {"distance": 21, "city": "Зеленоярск", "place": "Ресторан", "id": 75339, "country": "Великобритания"}, {"distance": 27, "city": "Барсатск", "place": "Ратуша", "id": 75340, "country": "Мексика"}, {"distance": 97, "city": "Роттерелона", "place": "Пристань", "id": 75341, "country": "Мексика"}, {"distance": 76, "city": "Зеленоква", "place": "Пруд", "id": 75342, "country": "Уругвай"}, {"distance": 100, "city": "Роттербург", "place": "Дача", "id": 75343, "country": "ЮАР"}, {"distance": 23, "city": "Мурдам", "place": "Парк", "id": 75344, "country": "Казахстан"}, {"distance": 41, "city": "Ньюград", "place": "Площадь", "id": 75345, "country": "ЮАР"}, {"distance": 56, "city": "Лейпсинки", "place": "Речка", "id": 75346, "country": "Румыния"}, {"distance": 18, "city": "Лесодам", "place": "Гараж", "id": 75347, "country": "Греция"}, {"distance": 7, "city": "Лейпдам", "place": "Речка", "id": 75348, "country": "Белоруссия"}, {"distance": 28, "city": "Мурква", "place": "Озеро", "id": 75349, "country": "Бразилия"}, {"distance": 79, "city": "Белелона", "place": "Пристань", "id": 75350, "country": "Белоруссия"}, {"distance": 21, "city": "Ньюгама", "place": "Скала", "id": 75351, "country": "Австралия"}, {"distance": 70, "city": "Санктштадт", "place": "Уступ", "id": 75352, "country": "Аргентина"}, {"distance": 98, "city": "Зеленобон", "place": "Здание", "id": 75353, "country": "Сейшелы"}, {"distance": 96, "city": "Лиссаовск", "place": "Озеро", "id": 75354, "country": "Парагвай"}, {"distance": 84, "city": "Лиссаанск", "place": "Дорожка", "id": 75355, "country": "Канада"}, {"distance": 12, "city": "Красноярск", "place": "Улочка", "id": 75356, "country": "Россия"}, {"distance": 24, "city": "Волосинки", "place": "Склон", "id": 75357, "country": "Индонезия"}, {"distance": 23, "city": "Лейпярск", "place": "Дерево", "id": 75358, "country": "Украина"}, {"distance": 22, "city": "Вололамск", "place": "Серпантин", "id": 75359, "country": "Венесуэлла"}, {"distance": 45, "city": "Варово", "place": "Склон", "id": 75360, "country": "Китай"}, {"distance": 20, "city": "Варатск", "place": "Забор", "id": 75361, "country": "Пакистан"}, {"distance": 66, "city": "Зеленодорф", "place": "Море", "id": 75362, "country": "Чили"}, {"distance": 59, "city": "Зеленобирск", "place": "Улочка", "id": 75363, "country": "Румыния"}, {"distance": 36, "city": "Роттербирск", "place": "Дача", "id": 75364, "country": "Мальта"}, {"distance": 37, "city": "Барсгород", "place": "Ручей", "id": 75365, "country": "Италия"}, {"distance": 50, "city": "Амстерсинки", "place": "Переулок", "id": 75366, "country": "Казахстан"}, {"distance": 35, "city": "Вардорф", "place": "Лес", "id": 75367, "country": "Венесуэлла"}, {"distance": 97, "city": "Волоква", "place": "Склон", "id": 75368, "country": "Мальдивы"}, {"distance": 87, "city": "Санктдам", "place": "Море", "id": 75369, "country": "Камбоджа"}, {"distance": 100, "city": "Санктинск", "place": "Парк", "id": 75370, "country": "Белоруссия"}, {"distance": 18, "city": "Новоелона", "place": "Речка", "id": 75371, "country": "Малайзия"}, {"distance": 34, "city": "Санктстан", "place": "Озеро", "id": 75372, "country": "Украина"}, {"distance": 36, "city": "Росгама", "place": "Площадь", "id": 75373, "country": "Исландия"}, {"distance": 65, "city": "Волоград", "place": "Набережная", "id": 75374, "country": "Бразилия"}, {"distance": 5, "city": "Вологама", "place": "Улица", "id": 75375, "country": "Румыния"}, {"distance": 62, "city": "Волоатск", "place": "Дом", "id": 75376, "country": "Армения"}, {"distance": 57, "city": "Роттерово", "place": "Серпантин", "id": 75377, "country": "Фиджи"}, {"distance": 7, "city": "Лейпсинки", "place": "Озеро", "id": 75378, "country": "Китай"}, {"distance": 94, "city": "Барсштадт", "place": "Фонарь", "id": 75379, "country": "Таиланд"}, {"distance": 23, "city": "Белламск", "place": "Дом", "id": 75380, "country": "Камбоджа"}, {"distance": 99, "city": "Амстерлёв", "place": "Фонтан", "id": 75381, "country": "Лаос"}, {"distance": 74, "city": "Ньюбирск", "place": "Двор", "id": 75382, "country": "Пакистан"}, {"distance": 61, "city": "Лейпква", "place": "Поместье", "id": 75383, "country": "Италия"}, {"distance": 18, "city": "Беллёв", "place": "Пруд", "id": 75384, "country": "Литва"}, {"distance": 17, "city": "Лиссабон", "place": "Здание", "id": 75385, "country": "Грузия"}, {"distance": 97, "city": "Зеленостан", "place": "Пруд", "id": 75386, "country": "Канада"}, {"distance": 97, "city": "Мосбург", "place": "Гора", "id": 75387, "country": "Иордания"}, {"distance": 11, "city": "Кронинск", "place": "Переулок", "id": 75388, "country": "Аргентина"}, {"distance": 72, "city": "Зеленодам", "place": "Гараж", "id": 75389, "country": "ЮАР"}, {"distance": 29, "city": "Барсриж", "place": "Улица", "id": 75390, "country": "Румыния"}, {"distance": 59, "city": "Лейприж", "place": "Парк", "id": 75391, "country": "Египет"}, {"distance": 43, "city": "Лейповск", "place": "Поместье", "id": 75392, "country": "Великобритания"}, {"distance": 83, "city": "Красноомск", "place": "Здание", "id": 75393, "country": "Германия"}, {"distance": 64, "city": "Санктштадт", "place": "Пруд", "id": 75394, "country": "Уругвай"}, {"distance": 90, "city": "Росово", "place": "Дом", "id": 75395, "country": "Мальдивы"}, {"distance": 27, "city": "Мурдорф", "place": "Двор", "id": 75396, "country": "Финляндия"}, {"distance": 73, "city": "Новоград", "place": "Гора", "id": 75397, "country": "Швейцария"}, {"distance": 42, "city": "Беллёв", "place": "Пруд", "id": 75398, "country": "ЮАР"}, {"distance": 27, "city": "Варриж", "place": "Гора", "id": 75399, "country": "Мексика"}, {"distance": 93, "city": "Лесоярск", "place": "Поместье", "id": 75400, "country": "США"}, {"distance": 77, "city": "Барсдам", "place": "Гора", "id": 75401, "country": "Израиль"}, {"distance": 93, "city": "Зеленоштадт", "place": "Статуя", "id": 75402, "country": "Венгрия"}, {"distance": 40, "city": "Муромск", "place": "Дом", "id": 75403, "country": "Болгария"}, {"distance": 89, "city": "Санктовск", "place": "Уступ", "id": 75404, "country": "Австралия"}, {"distance": 17, "city": "Амстерлёв", "place": "Замок", "id": 75405, "country": "Фиджи"}, {"distance": 18, "city": "Санктдорф", "place": "Озеро", "id": 75406, "country": "Камбоджа"}, {"distance": 61, "city": "Мурстан", "place": "Площадь", "id": 75407, "country": "Казахстан"}, {"distance": 13, "city": "Ньюламск", "place": "Переулок", "id": 75408, "country": "Румыния"}, {"distance": 25, "city": "Росламск", "place": "Фонарь", "id": 75409, "country": "Венесуэлла"}, {"distance": 50, "city": "Новоомск", "place": "Дерево", "id": 75410, "country": "Эстония"}, {"distance": 38, "city": "Зеленоград", "place": "Парк", "id": 75411, "country": "Греция"}, {"distance": 69, "city": "Белриж", "place": "Ресторан", "id": 75412, "country": "Лаос"}, {"distance": 37, "city": "Новориж", "place": "Дорожка", "id": 75413, "country": "Фиджи"}, {"distance": 64, "city": "Кронстан", "place": "Скала", "id": 75414, "country": "Палау"}, {"distance": 13, "city": "Варлёв", "place": "Гараж", "id": 75415, "country": "Новая зеландия"}, {"distance": 27, "city": "Ньюдам", "place": "Переулок", "id": 75416, "country": "Шри-Ланка"}, {"distance": 98, "city": "Варово", "place": "Магазин", "id": 75417, "country": "Маврикий"}, {"distance": 24, "city": "Белдам", "place": "Мост", "id": 75418, "country": "Коста-Рика"}, {"distance": 66, "city": "Мосгама", "place": "Склон", "id": 75419, "country": "Белоруссия"}, {"distance": 37, "city": "Амстерква", "place": "Двор", "id": 75420, "country": "Швеция"}, {"distance": 28, "city": "Кроновск", "place": "Мост", "id": 75421, "country": "Бразилия"}, {"distance": 13, "city": "Зеленолёв", "place": "Гараж", "id": 75422, "country": "Армения"}, {"distance": 72, "city": "Ньюсинки", "place": "Речка", "id": 75423, "country": "Малайзия"}, {"distance": 16, "city": "Краснолёв", "place": "Скала", "id": 75424, "country": "Швейцария"}, {"distance": 87, "city": "Мосгама", "place": "Магазин", "id": 75425, "country": "Казахстан"}, {"distance": 67, "city": "Барсярск", "place": "Парк", "id": 75426, "country": "Мексика"}, {"distance": 75, "city": "Красноква", "place": "Склон", "id": 75427, "country": "Палау"}, {"distance": 68, "city": "Мурштадт", "place": "Склон", "id": 75428, "country": "Белоруссия"}, {"distance": 15, "city": "Варква", "place": "Скала", "id": 75429, "country": "Мальта"}, {"distance": 37, "city": "Новоштадт", "place": "Уступ", "id": 75430, "country": "Вьетнам"}, {"distance": 87, "city": "Зеленолёв", "place": "Ратуша", "id": 75431, "country": "ЮАР"}, {"distance": 25, "city": "Санктатск", "place": "Магазин", "id": 75432, "country": "Израиль"}, {"distance": 24, "city": "Лесоелона", "place": "Пристань", "id": 75433, "country": "Палау"}, {"distance": 53, "city": "Белламск", "place": "Дерево", "id": 75434, "country": "Румыния"}, {"distance": 54, "city": "Санктелона", "place": "Озеро", "id": 75435, "country": "Латвия"}, {"distance": 95, "city": "Барсбирск", "place": "Замок", "id": 75436, "country": "Болгария"}, {"distance": 77, "city": "Росбург", "place": "Склон", "id": 75437, "country": "Камбоджа"}, {"distance": 45, "city": "Новостан", "place": "Дача", "id": 75438, "country": "Россия"}, {"distance": 27, "city": "Лейпдорф", "place": "Забор", "id": 75439, "country": "Белоруссия"}, {"distance": 98, "city": "Санктбург", "place": "Мост", "id": 75440, "country": "Швеция"}, {"distance": 23, "city": "Белстан", "place": "Море", "id": 75441, "country": "Палау"}, {"distance": 4, "city": "Санктбирск", "place": "Аэропорт", "id": 75442, "country": "Бразилия"}, {"distance": 51, "city": "Барсатск", "place": "Могила", "id": 75443, "country": "Коста-Рика"}, {"distance": 87, "city": "Лиссаштадт", "place": "Речка", "id": 75444, "country": "Норвегия"}, {"distance": 41, "city": "Новоомск", "place": "Дорожка", "id": 75445, "country": "Сейшелы"}, {"distance": 73, "city": "Лейпква", "place": "Аэропорт", "id": 75446, "country": "Германия"}, {"distance": 72, "city": "Варбон", "place": "Переулок", "id": 75447, "country": "Украина"}, {"distance": 56, "city": "Кронриж", "place": "Речка", "id": 75448, "country": "Исландия"}, {"distance": 54, "city": "Барслёв", "place": "Площадь", "id": 75449, "country": "Иордания"}, {"distance": 33, "city": "Амстердам", "place": "Здание", "id": 75450, "country": "Иордания"}, {"distance": 19, "city": "Роттербирск", "place": "Дерево", "id": 75451, "country": "Монголия"}, {"distance": 20, "city": "Лесоинск", "place": "Ресторан", "id": 75452, "country": "Грузия"}, {"distance": 26, "city": "Лиссабирск", "place": "Мост", "id": 75453, "country": "ЮАР"}, {"distance": 19, "city": "Краснодам", "place": "Фонтан", "id": 75454, "country": "Палау"}, {"distance": 9, "city": "Амстерлёв", "place": "Мост", "id": 75455, "country": "Эстония"}, {"distance": 61, "city": "Мосбон", "place": "Лес", "id": 75456, "country": "Греция"}, {"distance": 11, "city": "Амстердорф", "place": "Речка", "id": 75457, "country": "Украина"}, {"distance": 77, "city": "Мосстан", "place": "Офис", "id": 75458, "country": "Мальта"}, {"distance": 65, "city": "Амстердам", "place": "Гора", "id": 75459, "country": "Нидерланды"}, {"distance": 77, "city": "Красногама", "place": "Дорожка", "id": 75460, "country": "Маврикий"}, {"distance": 59, "city": "Барсбург", "place": "Пруд", "id": 75461, "country": "Италия"}, {"distance": 23, "city": "Лесоово", "place": "Парк", "id": 75462, "country": "Мальдивы"}, {"distance": 13, "city": "Варгород", "place": "Парк", "id": 75463, "country": "Уругвай"}, {"distance": 52, "city": "Вологама", "place": "Дерево", "id": 75464, "country": "Новая зеландия"}, {"distance": 2, "city": "Амстеринск", "place": "Дерево", "id": 75465, "country": "ЮАР"}, {"distance": 93, "city": "Зеленосинки", "place": "Здание", "id": 75466, "country": "Германия"}, {"distance": 80, "city": "Мосгород", "place": "Пристань", "id": 75467, "country": "Белоруссия"}, {"distance": 10, "city": "Ньюсинки", "place": "Магазин", "id": 75468, "country": "Дания"}, {"distance": 98, "city": "Новодорф", "place": "Набережная", "id": 75469, "country": "ЮАР"}, {"distance": 37, "city": "Лесостан", "place": "Магазин", "id": 75470, "country": "Камбоджа"}, {"distance": 2, "city": "Белярск", "place": "Дерево", "id": 75471, "country": "Шри-Ланка"}, {"distance": 20, "city": "Мосбург", "place": "Уступ", "id": 75472, "country": "Дания"}, {"distance": 24, "city": "Ньюриж", "place": "Дом", "id": 75473, "country": "Греция"}, {"distance": 85, "city": "Амстерелона", "place": "Дерево", "id": 75474, "country": "ЮАР"}, {"distance": 53, "city": "Мосриж", "place": "Поместье", "id": 75475, "country": "Австралия"}, {"distance": 31, "city": "Варбон", "place": "Гора", "id": 75476, "country": "Малайзия"}, {"distance": 18, "city": "Новоград", "place": "Серпантин", "id": 75477, "country": "Швейцария"}, {"distance": 87, "city": "Мурдам", "place": "Улица", "id": 75478, "country": "Индонезия"}, {"distance": 53, "city": "Лесоомск", "place": "Скала", "id": 75479, "country": "Болгария"}, {"distance": 44, "city": "Лиссаомск", "place": "Поместье", "id": 75480, "country": "Пакистан"}, {"distance": 93, "city": "Роттератск", "place": "Статуя", "id": 75481, "country": "Казахстан"}, {"distance": 67, "city": "Белква", "place": "Склон", "id": 75482, "country": "Фиджи"}, {"distance": 25, "city": "Белгород", "place": "Улица", "id": 75483, "country": "Исландия"}, {"distance": 32, "city": "Росква", "place": "Море", "id": 75484, "country": "Лаос"}, {"distance": 25, "city": "Кронгама", "place": "Ручей", "id": 75485, "country": "Литва"}, {"distance": 59, "city": "Росанск", "place": "Мост", "id": 75486, "country": "Украина"}, {"distance": 62, "city": "Лесостан", "place": "Дом", "id": 75487, "country": "Пакистан"}, {"distance": 75, "city": "Мослёв", "place": "Замок", "id": 75488, "country": "Индия"}, {"distance": 94, "city": "Волоград", "place": "Речка", "id": 75489, "country": "Индия"}, {"distance": 18, "city": "Барсдорф", "place": "Море", "id": 75490, "country": "Таиланд"}, {"distance": 36, "city": "Барсбург", "place": "Дача", "id": 75491, "country": "Латвия"}, {"distance": 81, "city": "Кронбон", "place": "Набережная", "id": 75492, "country": "Румыния"}, {"distance": 22, "city": "Роттерлёв", "place": "Здание", "id": 75493, "country": "Швеция"}, {"distance": 2, "city": "Роттердорф", "place": "Дорожка", "id": 75494, "country": "Мексика"}, {"distance": 14, "city": "Кронква", "place": "Скала", "id": 75495, "country": "Таиланд"}, {"distance": 60, "city": "Амстеромск", "place": "Склон", "id": 75496, "country": "Вьетнам"}, {"distance": 64, "city": "Роттерриж", "place": "Лес", "id": 75497, "country": "Чили"}, {"distance": 93, "city": "Лесодорф", "place": "Магазин", "id": 75498, "country": "Маврикий"}, {"distance": 75, "city": "Крондам", "place": "Аэропорт", "id": 75499, "country": "Аргентина"}, {"distance": 81, "city": "Лесогама", "place": "Речка", "id": 75500, "country": "Шри-Ланка"}, {"distance": 65, "city": "Мосбург", "place": "Здание", "id": 75501, "country": "Аргентина"}, {"distance": 46, "city": "Белбон", "place": "Пристань", "id": 75502, "country": "США"}, {"distance": 70, "city": "Красноанск", "place": "Пристань", "id": 75503, "country": "Германия"}, {"distance": 20, "city": "Лесоатск", "place": "Набережная", "id": 75504, "country": "Армения"}, {"distance": 59, "city": "Володорф", "place": "Улочка", "id": 75505, "country": "Белоруссия"}, {"distance": 82, "city": "Росовск", "place": "Мост", "id": 75506, "country": "Украина"}, {"distance": 24, "city": "Мосярск", "place": "Парк", "id": 75507, "country": "Норвегия"}, {"distance": 50, "city": "Санктово", "place": "Парк", "id": 75508, "country": "Норвегия"}, {"distance": 3, "city": "Кронгама", "place": "Фонтан", "id": 75509, "country": "Коста-Рика"}, {"distance": 60, "city": "Моселона", "place": "Дом", "id": 75510, "country": "Сейшелы"}, {"distance": 71, "city": "Роттерштадт", "place": "Скала", "id": 75511, "country": "Мальдивы"}, {"distance": 85, "city": "Белатск", "place": "Скала", "id": 75512, "country": "Камбоджа"}, {"distance": 76, "city": "Новогород", "place": "Ресторан", "id": 75513, "country": "Турция"}, {"distance": 73, "city": "Варбирск", "place": "Магазин", "id": 75514, "country": "Румыния"}, {"distance": 27, "city": "Амстеранск", "place": "Речка", "id": 75515, "country": "Непал"}, {"distance": 74, "city": "Варгама", "place": "Магазин", "id": 75516, "country": "Канада"}, {"distance": 53, "city": "Роттерлёв", "place": "Серпантин", "id": 75517, "country": "Германия"}, {"distance": 89, "city": "Мурриж", "place": "Набережная", "id": 75518, "country": "Парагвай"}, {"distance": 35, "city": "Вололамск", "place": "Статуя", "id": 75519, "country": "Россия"}, {"distance": 42, "city": "Володорф", "place": "Двор", "id": 75520, "country": "Нидерланды"}, {"distance": 51, "city": "Лиссаград", "place": "Дача", "id": 75521, "country": "Непал"}, {"distance": 55, "city": "Амстерква", "place": "Склон", "id": 75522, "country": "Вьетнам"}, {"distance": 53, "city": "Лесоярск", "place": "Площадь", "id": 75523, "country": "Венесуэлла"}, {"distance": 29, "city": "Санктелона", "place": "Гараж", "id": 75524, "country": "Италия"}, {"distance": 9, "city": "Красноква", "place": "Могила", "id": 75525, "country": "Китай"}, {"distance": 72, "city": "Роттерсинки", "place": "Ратуша", "id": 75526, "country": "Эстония"}, {"distance": 64, "city": "Зеленодорф", "place": "Склон", "id": 75527, "country": "Румыния"}, {"distance": 17, "city": "Новогород", "place": "Гора", "id": 75528, "country": "Австралия"}, {"distance": 98, "city": "Санктинск", "place": "Озеро", "id": 75529, "country": "Испания"}, {"distance": 24, "city": "Роттерград", "place": "Дом", "id": 75530, "country": "Китай"}, {"distance": 69, "city": "Барсярск", "place": "Уступ", "id": 75531, "country": "Лаос"}, {"distance": 33, "city": "Ньюштадт", "place": "Гора", "id": 75532, "country": "Камбоджа"}, {"distance": 56, "city": "Лесоград", "place": "Гора", "id": 75533, "country": "Дания"}, {"distance": 6, "city": "Роттерсинки", "place": "Аэропорт", "id": 75534, "country": "Швеция"}, {"distance": 70, "city": "Волоомск", "place": "Парк", "id": 75535, "country": "Мальдивы"}, {"distance": 79, "city": "Новоатск", "place": "Дорожка", "id": 75536, "country": "Италия"}, {"distance": 75, "city": "Лесобирск", "place": "Речка", "id": 75537, "country": "Австралия"}, {"distance": 60, "city": "Лиссасинки", "place": "Гора", "id": 75538, "country": "Мальдивы"}, {"distance": 72, "city": "Мурград", "place": "Гора", "id": 75539, "country": "Греция"}, {"distance": 15, "city": "Санктово", "place": "Переулок", "id": 75540, "country": "Латвия"}, {"distance": 60, "city": "Ньюград", "place": "Магазин", "id": 75541, "country": "Палау"}, {"distance": 75, "city": "Крондорф", "place": "Замок", "id": 75542, "country": "Дания"}, {"distance": 3, "city": "Лесоинск", "place": "Парк", "id": 75543, "country": "Иордания"}, {"distance": 2, "city": "Кронбург", "place": "Скала", "id": 75544, "country": "Россия"}, {"distance": 86, "city": "Роттерярск", "place": "Могила", "id": 75545, "country": "Белоруссия"}, {"distance": 47, "city": "Роттердорф", "place": "Гора", "id": 75546, "country": "Чили"}, {"distance": 3, "city": "Кронанск", "place": "Речка", "id": 75547, "country": "Мексика"}, {"distance": 97, "city": "Зеленобирск", "place": "Поместье", "id": 75548, "country": "Нидерланды"}, {"distance": 71, "city": "Красногород", "place": "Ратуша", "id": 75549, "country": "Сейшелы"}, {"distance": 90, "city": "Ньюярск", "place": "Дом", "id": 75550, "country": "Парагвай"}, {"distance": 23, "city": "Лиссаатск", "place": "Аэропорт", "id": 75551, "country": "Индонезия"}, {"distance": 93, "city": "Амстерелона", "place": "Фонарь", "id": 75552, "country": "Турция"}, {"distance": 58, "city": "Ньюстан", "place": "Офис", "id": 75553, "country": "Иордания"}, {"distance": 23, "city": "Росбирск", "place": "Серпантин", "id": 75554, "country": "США"}, {"distance": 55, "city": "Барсдорф", "place": "Могила", "id": 75555, "country": "Исландия"}, {"distance": 4, "city": "Волоград", "place": "Дом", "id": 75556, "country": "Малайзия"}, {"distance": 93, "city": "Лесогама", "place": "Мост", "id": 75557, "country": "Китай"}, {"distance": 28, "city": "Лейпово", "place": "Дом", "id": 75558, "country": "Малайзия"}, {"distance": 90, "city": "Новосинки", "place": "Ресторан", "id": 75559, "country": "Бразилия"}, {"distance": 26, "city": "Россинки", "place": "Офис", "id": 75560, "country": "Болгария"}, {"distance": 93, "city": "Варсинки", "place": "Магазин", "id": 75561, "country": "Австралия"}, {"distance": 49, "city": "Новодам", "place": "Озеро", "id": 75562, "country": "Мальта"}, {"distance": 78, "city": "Красноанск", "place": "Пруд", "id": 75563, "country": "Россия"}, {"distance": 19, "city": "Краснодам", "place": "Двор", "id": 75564, "country": "Шри-Ланка"}, {"distance": 63, "city": "Барслёв", "place": "Двор", "id": 75565, "country": "Монголия"}, {"distance": 18, "city": "Лиссасинки", "place": "Ручей", "id": 75566, "country": "Уругвай"}, {"distance": 62, "city": "Лейпдорф", "place": "Мост", "id": 75567, "country": "Норвегия"}, {"distance": 55, "city": "Новогород", "place": "Ресторан", "id": 75568, "country": "Египет"}, {"distance": 79, "city": "Зеленобон", "place": "Замок", "id": 75569, "country": "Венесуэлла"}, {"distance": 73, "city": "Ньюдорф", "place": "Дерево", "id": 75570, "country": "Армения"}, {"distance": 95, "city": "Волоовск", "place": "Дача", "id": 75571, "country": "Чили"}, {"distance": 75, "city": "Новодорф", "place": "Улица", "id": 75572, "country": "Коста-Рика"}, {"distance": 46, "city": "Барсштадт", "place": "Пруд", "id": 75573, "country": "Япония"}, {"distance": 7, "city": "Росштадт", "place": "Здание", "id": 75574, "country": "Италия"}, {"distance": 69, "city": "Санктанск", "place": "Площадь", "id": 75575, "country": "Мальдивы"}, {"distance": 64, "city": "Волоярск", "place": "Серпантин", "id": 75576, "country": "Франция"}, {"distance": 90, "city": "Санктомск", "place": "Здание", "id": 75577, "country": "Палау"}, {"distance": 45, "city": "Мосомск", "place": "Могила", "id": 75578, "country": "Фиджи"}, {"distance": 16, "city": "Роттерламск", "place": "Площадь", "id": 75579, "country": "Малайзия"}, {"distance": 14, "city": "Зеленоелона", "place": "Фонтан", "id": 75580, "country": "Мальдивы"}, {"distance": 78, "city": "Муратск", "place": "Аэропорт", "id": 75581, "country": "Иордания"}, {"distance": 3, "city": "Ньюдорф", "place": "Уступ", "id": 75582, "country": "Нидерланды"}, {"distance": 99, "city": "Краснобон", "place": "Гараж", "id": 75583, "country": "Италия"}, {"distance": 12, "city": "Барсатск", "place": "Улочка", "id": 75584, "country": "Дания"}, {"distance": 65, "city": "Краснолёв", "place": "Пруд", "id": 75585, "country": "Лаос"}, {"distance": 70, "city": "Лиссаинск", "place": "Уступ", "id": 75586, "country": "Коста-Рика"}, {"distance": 1, "city": "Ньюбон", "place": "Пристань", "id": 75587, "country": "Нидерланды"}, {"distance": 15, "city": "Амстерламск", "place": "Двор", "id": 75588, "country": "Литва"}, {"distance": 80, "city": "Санктстан", "place": "Набережная", "id": 75589, "country": "Латвия"}, {"distance": 81, "city": "Мурстан", "place": "Дорожка", "id": 75590, "country": "Дания"}, {"distance": 41, "city": "Барсстан", "place": "Здание", "id": 75591, "country": "ЮАР"}, {"distance": 88, "city": "Роттерград", "place": "Могила", "id": 75592, "country": "Шри-Ланка"}, {"distance": 99, "city": "Красностан", "place": "Фонтан", "id": 75593, "country": "Россия"}, {"distance": 98, "city": "Мосанск", "place": "Лес", "id": 75594, "country": "Канада"}, {"distance": 98, "city": "Роттерстан", "place": "Могила", "id": 75595, "country": "Таиланд"}, {"distance": 50, "city": "Амстеранск", "place": "Дорожка", "id": 75596, "country": "Мальта"}, {"distance": 50, "city": "Красноомск", "place": "Фонарь", "id": 75597, "country": "Малайзия"}, {"distance": 99, "city": "Ньюгород", "place": "Фонтан", "id": 75598, "country": "Парагвай"}, {"distance": 26, "city": "Роттерлёв", "place": "Фонарь", "id": 75599, "country": "Исландия"}, {"distance": 11, "city": "Роттерква", "place": "Пристань", "id": 75600, "country": "Мексика"}, {"distance": 40, "city": "Варстан", "place": "Поместье", "id": 75601, "country": "Индонезия"}, {"distance": 72, "city": "Барсстан", "place": "Забор", "id": 75602, "country": "Япония"}, {"distance": 47, "city": "Варламск", "place": "Серпантин", "id": 75603, "country": "США"}, {"distance": 29, "city": "Волобирск", "place": "Ручей", "id": 75604, "country": "Болгария"}, {"distance": 23, "city": "Лесобург", "place": "Поместье", "id": 75605, "country": "Турция"}, {"distance": 33, "city": "Роттерелона", "place": "Двор", "id": 75606, "country": "Испания"}, {"distance": 12, "city": "Роттерламск", "place": "Забор", "id": 75607, "country": "Сейшелы"}, {"distance": 8, "city": "Зеленогород", "place": "Пристань", "id": 75608, "country": "Иордания"}, {"distance": 7, "city": "Лиссаярск", "place": "Серпантин", "id": 75609, "country": "Япония"}, {"distance": 61, "city": "Ньюград", "place": "Парк", "id": 75610, "country": "Финляндия"}, {"distance": 25, "city": "Роттербирск", "place": "Офис", "id": 75611, "country": "Испания"}, {"distance": 8, "city": "Мослёв", "place": "Море", "id": 75612, "country": "Казахстан"}, {"distance": 99, "city": "Ньюбирск", "place": "Улица", "id": 75613, "country": "Аргентина"}, {"distance": 57, "city": "Лесосинки", "place": "Магазин", "id": 75614, "country": "США"}, {"distance": 38, "city": "Мурстан", "place": "Набережная", "id": 75615, "country": "Индия"}, {"distance": 97, "city": "Волосинки", "place": "Гора", "id": 75616, "country": "Армения"}, {"distance": 33, "city": "Муратск", "place": "Пристань", "id": 75617, "country": "Индонезия"}, {"distance": 86, "city": "Лиссастан", "place": "Офис", "id": 75618, "country": "Австралия"}, {"distance": 98, "city": "Росстан", "place": "Гараж", "id": 75619, "country": "Монголия"}, {"distance": 57, "city": "Новориж", "place": "Мост", "id": 75620, "country": "Турция"}, {"distance": 35, "city": "Санктбирск", "place": "Гора", "id": 75621, "country": "Япония"}, {"distance": 70, "city": "Волориж", "place": "Ручей", "id": 75622, "country": "Египет"}, {"distance": 48, "city": "Белштадт", "place": "Пристань", "id": 75623, "country": "Пакистан"}, {"distance": 30, "city": "Барсдорф", "place": "Здание", "id": 75624, "country": "Пакистан"}, {"distance": 58, "city": "Роттерярск", "place": "Ручей", "id": 75625, "country": "Бруней"}, {"distance": 31, "city": "Мосдам", "place": "Двор", "id": 75626, "country": "Исландия"}, {"distance": 14, "city": "Володорф", "place": "Офис", "id": 75627, "country": "Индия"}, {"distance": 46, "city": "Кроново", "place": "Улочка", "id": 75628, "country": "Коста-Рика"}, {"distance": 12, "city": "Белград", "place": "Ратуша", "id": 75629, "country": "США"}, {"distance": 91, "city": "Лесогород", "place": "Ратуша", "id": 75630, "country": "Дания"}, {"distance": 37, "city": "Росград", "place": "Аэропорт", "id": 75631, "country": "Китай"}, {"distance": 34, "city": "Амстерква", "place": "Забор", "id": 75632, "country": "Чили"}, {"distance": 50, "city": "Кронбирск", "place": "Море", "id": 75633, "country": "Швейцария"}, {"distance": 20, "city": "Белква", "place": "Поместье", "id": 75634, "country": "ЮАР"}, {"distance": 1, "city": "Зеленориж", "place": "Серпантин", "id": 75635, "country": "Непал"}, {"distance": 33, "city": "Варгород", "place": "Уступ", "id": 75636, "country": "Индия"}, {"distance": 4, "city": "Лиссаква", "place": "Склон", "id": 75637, "country": "Лаос"}, {"distance": 34, "city": "Кронбург", "place": "Лес", "id": 75638, "country": "Венгрия"}, {"distance": 90, "city": "Роттердам", "place": "Статуя", "id": 75639, "country": "Россия"}, {"distance": 55, "city": "Росанск", "place": "Скала", "id": 75640, "country": "Германия"}, {"distance": 13, "city": "Мурово", "place": "Уступ", "id": 75641, "country": "Непал"}, {"distance": 15, "city": "Ньюгород", "place": "Скала", "id": 75642, "country": "Палау"}, {"distance": 35, "city": "Амстердорф", "place": "Офис", "id": 75643, "country": "Литва"}, {"distance": 2, "city": "Зеленоомск", "place": "Дерево", "id": 75644, "country": "Венесуэлла"}, {"distance": 22, "city": "Лейпбирск", "place": "Офис", "id": 75645, "country": "Швейцария"}, {"distance": 84, "city": "Роттерламск", "place": "Дерево", "id": 75646, "country": "Бруней"}, {"distance": 78, "city": "Мосбон", "place": "Переулок", "id": 75647, "country": "Уругвай"}, {"distance": 84, "city": "Амстеровск", "place": "Пристань", "id": 75648, "country": "Швейцария"}, {"distance": 86, "city": "Белбон", "place": "Площадь", "id": 75649, "country": "Коста-Рика"}, {"distance": 84, "city": "Моссинки", "place": "Мост", "id": 75650, "country": "Россия"}, {"distance": 55, "city": "Амстергама", "place": "Озеро", "id": 75651, "country": "Бруней"}, {"distance": 79, "city": "Росбон", "place": "Офис", "id": 75652, "country": "Дания"}, {"distance": 67, "city": "Лейпярск", "place": "Серпантин", "id": 75653, "country": "ЮАР"}, {"distance": 55, "city": "Кронбург", "place": "Гараж", "id": 75654, "country": "Сейшелы"}, {"distance": 1, "city": "Красноанск", "place": "Двор", "id": 75655, "country": "Монголия"}, {"distance": 15, "city": "Мурово", "place": "Улочка", "id": 75656, "country": "Норвегия"}, {"distance": 73, "city": "Амстерлёв", "place": "Море", "id": 75657, "country": "Мальта"}, {"distance": 75, "city": "Барсбирск", "place": "Улица", "id": 75658, "country": "Новая зеландия"}, {"distance": 9, "city": "Ньюгород", "place": "Озеро", "id": 75659, "country": "Австралия"}, {"distance": 99, "city": "Мосбон", "place": "Аэропорт", "id": 75660, "country": "Маврикий"}, {"distance": 55, "city": "Санктдорф", "place": "Парк", "id": 75661, "country": "Дания"}, {"distance": 75, "city": "Лейпштадт", "place": "Статуя", "id": 75662, "country": "Индия"}, {"distance": 60, "city": "Варово", "place": "Двор", "id": 75663, "country": "США"}, {"distance": 55, "city": "Мосово", "place": "Склон", "id": 75664, "country": "Япония"}, {"distance": 41, "city": "Зеленоатск", "place": "Фонтан", "id": 75665, "country": "Швейцария"}, {"distance": 23, "city": "Мосдам", "place": "Скала", "id": 75666, "country": "Аргентина"}, {"distance": 17, "city": "Лесоелона", "place": "Море", "id": 75667, "country": "Германия"}, {"distance": 52, "city": "Лиссаовск", "place": "Скала", "id": 75668, "country": "Лаос"}, {"distance": 9, "city": "Варовск", "place": "Гора", "id": 75669, "country": "Турция"}, {"distance": 25, "city": "Амстерламск", "place": "Речка", "id": 75670, "country": "Непал"}, {"distance": 40, "city": "Лейпгама", "place": "Уступ", "id": 75671, "country": "Бразилия"}, {"distance": 23, "city": "Муратск", "place": "Магазин", "id": 75672, "country": "Китай"}, {"distance": 56, "city": "Лесодам", "place": "Офис", "id": 75673, "country": "ЮАР"}, {"distance": 88, "city": "Роттербирск", "place": "Ратуша", "id": 75674, "country": "Шри-Ланка"}, {"distance": 13, "city": "Лейпелона", "place": "Дом", "id": 75675, "country": "Иордания"}, {"distance": 96, "city": "Лейпштадт", "place": "Переулок", "id": 75676, "country": "Индонезия"}, {"distance": 45, "city": "Белква", "place": "Площадь", "id": 75677, "country": "Малайзия"}, {"distance": 41, "city": "Кронриж", "place": "Переулок", "id": 75678, "country": "Швеция"}, {"distance": 51, "city": "Лесоква", "place": "Офис", "id": 75679, "country": "Украина"}, {"distance": 57, "city": "Амстерстан", "place": "Могила", "id": 75680, "country": "Китай"}, {"distance": 45, "city": "Роттеринск", "place": "Ратуша", "id": 75681, "country": "Шри-Ланка"}, {"distance": 36, "city": "Амстерлёв", "place": "Пруд", "id": 75682, "country": "Мальдивы"}, {"distance": 35, "city": "Амстерлёв", "place": "Могила", "id": 75683, "country": "Россия"}, {"distance": 27, "city": "Ньюламск", "place": "Пруд", "id": 75684, "country": "Австралия"}, {"distance": 92, "city": "Лейпдорф", "place": "Поместье", "id": 75685, "country": "ЮАР"}, {"distance": 55, "city": "Кронгород", "place": "Статуя", "id": 75686, "country": "Шри-Ланка"}, {"distance": 72, "city": "Кронламск", "place": "Гора", "id": 75687, "country": "Иордания"}, {"distance": 96, "city": "Амстеровск", "place": "Дом", "id": 75688, "country": "Египет"}, {"distance": 57, "city": "Волобург", "place": "Дом", "id": 75689, "country": "Малайзия"}, {"distance": 34, "city": "Ньюинск", "place": "Двор", "id": 75690, "country": "Грузия"}, {"distance": 100, "city": "Лейпсинки", "place": "Здание", "id": 75691, "country": "Индонезия"}, {"distance": 52, "city": "Барсовск", "place": "Двор", "id": 75692, "country": "Таиланд"}, {"distance": 84, "city": "Зеленогама", "place": "Скала", "id": 75693, "country": "Мексика"}, {"distance": 27, "city": "Новоштадт", "place": "Двор", "id": 75694, "country": "Греция"}, {"distance": 20, "city": "Ньюомск", "place": "Улочка", "id": 75695, "country": "Мальдивы"}, {"distance": 92, "city": "Ньюдам", "place": "Поместье", "id": 75696, "country": "Сейшелы"}, {"distance": 14, "city": "Моссинки", "place": "Фонарь", "id": 75697, "country": "Мальта"}, {"distance": 5, "city": "Вололёв", "place": "Здание", "id": 75698, "country": "Израиль"}, {"distance": 54, "city": "Зеленоква", "place": "Дерево", "id": 75699, "country": "Венесуэлла"}, {"distance": 32, "city": "Лесогама", "place": "Серпантин", "id": 75700, "country": "Маврикий"}, {"distance": 77, "city": "Беланск", "place": "Замок", "id": 75701, "country": "Италия"}, {"distance": 92, "city": "Мурбург", "place": "Улочка", "id": 75702, "country": "Уругвай"}, {"distance": 97, "city": "Волобург", "place": "Лес", "id": 75703, "country": "Белоруссия"}, {"distance": 21, "city": "Мурдорф", "place": "Гараж", "id": 75704, "country": "Латвия"}, {"distance": 22, "city": "Мурград", "place": "Мост", "id": 75705, "country": "Латвия"}, {"distance": 87, "city": "Лиссасинки", "place": "Речка", "id": 75706, "country": "Нидерланды"}, {"distance": 6, "city": "Красноштадт", "place": "Статуя", "id": 75707, "country": "Италия"}, {"distance": 26, "city": "Барсгород", "place": "Аэропорт", "id": 75708, "country": "Испания"}, {"distance": 84, "city": "Мурбург", "place": "Ручей", "id": 75709, "country": "Маврикий"}, {"distance": 64, "city": "Лесоелона", "place": "Гараж", "id": 75710, "country": "Сейшелы"}, {"distance": 78, "city": "Ньюовск", "place": "Ручей", "id": 75711, "country": "Турция"}, {"distance": 100, "city": "Зеленоомск", "place": "Площадь", "id": 75712, "country": "Япония"}, {"distance": 82, "city": "Санктгама", "place": "Склон", "id": 75713, "country": "Египет"}, {"distance": 66, "city": "Муранск", "place": "Дерево", "id": 75714, "country": "Лаос"}, {"distance": 42, "city": "Амстерелона", "place": "Гора", "id": 75715, "country": "Бруней"}, {"distance": 22, "city": "Росгород", "place": "Гора", "id": 75716, "country": "Венесуэлла"}, {"distance": 85, "city": "Варинск", "place": "Мост", "id": 75717, "country": "Норвегия"}, {"distance": 5, "city": "Амстербон", "place": "Скала", "id": 75718, "country": "Украина"}, {"distance": 38, "city": "Санктомск", "place": "Дача", "id": 75719, "country": "Мальдивы"}, {"distance": 98, "city": "Володам", "place": "Речка", "id": 75720, "country": "Австралия"}, {"distance": 55, "city": "Санктелона", "place": "Фонтан", "id": 75721, "country": "Армения"}, {"distance": 74, "city": "Амстеровск", "place": "Замок", "id": 75722, "country": "Греция"}, {"distance": 34, "city": "Барсштадт", "place": "Магазин", "id": 75723, "country": "Палау"}, {"distance": 84, "city": "Краснодам", "place": "Аэропорт", "id": 75724, "country": "Эстония"}, {"distance": 82, "city": "Новоград", "place": "Офис", "id": 75725, "country": "Венесуэлла"}, {"distance": 54, "city": "Варриж", "place": "Дерево", "id": 75726, "country": "Непал"}, {"distance": 99, "city": "Волоово", "place": "Улица", "id": 75727, "country": "Канада"}, {"distance": 99, "city": "Варбон", "place": "Ратуша", "id": 75728, "country": "Турция"}, {"distance": 15, "city": "Лесодорф", "place": "Ресторан", "id": 75729, "country": "Великобритания"}, {"distance": 27, "city": "Барсбирск", "place": "Дача", "id": 75730, "country": "Украина"}, {"distance": 63, "city": "Варгород", "place": "Аэропорт", "id": 75731, "country": "Турция"}, {"distance": 49, "city": "Красногород", "place": "Парк", "id": 75732, "country": "Литва"}, {"distance": 13, "city": "Кронбург", "place": "Лес", "id": 75733, "country": "Нидерланды"}, {"distance": 9, "city": "Амстеровск", "place": "Ратуша", "id": 75734, "country": "Индонезия"}, {"distance": 72, "city": "Санктсинки", "place": "Набережная", "id": 75735, "country": "Белоруссия"}, {"distance": 79, "city": "Новоярск", "place": "Дерево", "id": 75736, "country": "Маврикий"}, {"distance": 63, "city": "Белбон", "place": "Улица", "id": 75737, "country": "Россия"}, {"distance": 22, "city": "Мурламск", "place": "Речка", "id": 75738, "country": "Вьетнам"}, {"distance": 48, "city": "Лесоград", "place": "Гора", "id": 75739, "country": "Чили"}, {"distance": 39, "city": "Амстербирск", "place": "Улочка", "id": 75740, "country": "Литва"}, {"distance": 75, "city": "Зеленодорф", "place": "Магазин", "id": 75741, "country": "Литва"}, {"distance": 75, "city": "Волобург", "place": "Замок", "id": 75742, "country": "Италия"}, {"distance": 10, "city": "Володорф", "place": "Гора", "id": 75743, "country": "Индия"}, {"distance": 15, "city": "Лиссаанск", "place": "Аэропорт", "id": 75744, "country": "Китай"}, {"distance": 2, "city": "Лиссаанск", "place": "Фонарь", "id": 75745, "country": "Парагвай"}, {"distance": 25, "city": "Зеленоанск", "place": "Ручей", "id": 75746, "country": "Коста-Рика"}, {"distance": 81, "city": "Лейпдорф", "place": "Пристань", "id": 75747, "country": "Камбоджа"}, {"distance": 31, "city": "Лесоква", "place": "Фонтан", "id": 75748, "country": "Мальдивы"}, {"distance": 29, "city": "Зеленоовск", "place": "Дерево", "id": 75749, "country": "Малайзия"}, {"distance": 94, "city": "Красносинки", "place": "Дорожка", "id": 75750, "country": "Украина"}, {"distance": 73, "city": "Лейпанск", "place": "Море", "id": 75751, "country": "Финляндия"}, {"distance": 97, "city": "Роттерлёв", "place": "Здание", "id": 75752, "country": "Коста-Рика"}, {"distance": 56, "city": "Росанск", "place": "Площадь", "id": 75753, "country": "Египет"}, {"distance": 82, "city": "Амстеранск", "place": "Лес", "id": 75754, "country": "Швеция"}, {"distance": 12, "city": "Зеленоово", "place": "Статуя", "id": 75755, "country": "Австралия"}, {"distance": 11, "city": "Зеленоово", "place": "Переулок", "id": 75756, "country": "Коста-Рика"}, {"distance": 3, "city": "Красносинки", "place": "Переулок", "id": 75757, "country": "Норвегия"}, {"distance": 15, "city": "Росбирск", "place": "Забор", "id": 75758, "country": "Украина"}, {"distance": 94, "city": "Мосриж", "place": "Дача", "id": 75759, "country": "Палау"}, {"distance": 63, "city": "Амстербург", "place": "Забор", "id": 75760, "country": "Палау"}, {"distance": 19, "city": "Варсинки", "place": "Дерево", "id": 75761, "country": "Сейшелы"}, {"distance": 54, "city": "Лейпярск", "place": "Дерево", "id": 75762, "country": "Армения"}, {"distance": 36, "city": "Новоград", "place": "Скала", "id": 75763, "country": "Сейшелы"}, {"distance": 24, "city": "Варштадт", "place": "Офис", "id": 75764, "country": "Швеция"}, {"distance": 88, "city": "Мурбон", "place": "Замок", "id": 75765, "country": "Палау"}, {"distance": 12, "city": "Роттергама", "place": "Парк", "id": 75766, "country": "Венгрия"}, {"distance": 88, "city": "Лиссаовск", "place": "Парк", "id": 75767, "country": "Япония"}, {"distance": 77, "city": "Росярск", "place": "Статуя", "id": 75768, "country": "Малайзия"}, {"distance": 15, "city": "Лейпгород", "place": "Скала", "id": 75769, "country": "Непал"}, {"distance": 100, "city": "Мурштадт", "place": "Магазин", "id": 75770, "country": "Таиланд"}, {"distance": 100, "city": "Муринск", "place": "Речка", "id": 75771, "country": "Венгрия"}, {"distance": 5, "city": "Варсинки", "place": "Море", "id": 75772, "country": "Вьетнам"}, {"distance": 26, "city": "Роттерламск", "place": "Замок", "id": 75773, "country": "Монголия"}, {"distance": 96, "city": "Мосбирск", "place": "Ресторан", "id": 75774, "country": "Непал"}, {"distance": 38, "city": "Беланск", "place": "Замок", "id": 75775, "country": "Китай"}, {"distance": 69, "city": "Зеленогород", "place": "Дом", "id": 75776, "country": "Канада"}, {"distance": 14, "city": "Красноатск", "place": "Забор", "id": 75777, "country": "Норвегия"}, {"distance": 71, "city": "Зеленоламск", "place": "Улица", "id": 75778, "country": "Великобритания"}, {"distance": 25, "city": "Барсгама", "place": "Гора", "id": 75779, "country": "Мальдивы"}, {"distance": 96, "city": "Мурбирск", "place": "Мост", "id": 75780, "country": "Бразилия"}, {"distance": 95, "city": "Санктква", "place": "Улочка", "id": 75781, "country": "Казахстан"}, {"distance": 7, "city": "Кронгама", "place": "Пристань", "id": 75782, "country": "Эстония"}, {"distance": 30, "city": "Росбург", "place": "Склон", "id": 75783, "country": "Германия"}, {"distance": 70, "city": "Варбон", "place": "Уступ", "id": 75784, "country": "Венгрия"}, {"distance": 10, "city": "Лесоярск", "place": "Лес", "id": 75785, "country": "Фиджи"}, {"distance": 96, "city": "Мосдам", "place": "Ресторан", "id": 75786, "country": "Вьетнам"}, {"distance": 31, "city": "Мурово", "place": "Дорожка", "id": 75787, "country": "Новая зеландия"}, {"distance": 86, "city": "Лиссаинск", "place": "Ручей", "id": 75788, "country": "Монголия"}, {"distance": 77, "city": "Мосштадт", "place": "Серпантин", "id": 75789, "country": "Таиланд"}, {"distance": 11, "city": "Барселона", "place": "Аэропорт", "id": 75790, "country": "Швейцария"}, {"distance": 79, "city": "Мурбирск", "place": "Гора", "id": 75791, "country": "Малайзия"}, {"distance": 61, "city": "Муромск", "place": "Пруд", "id": 75792, "country": "Нидерланды"}, {"distance": 96, "city": "Роттергама", "place": "Озеро", "id": 75793, "country": "Мальдивы"}, {"distance": 45, "city": "Ньюбирск", "place": "Забор", "id": 75794, "country": "Армения"}, {"distance": 46, "city": "Белбирск", "place": "Ручей", "id": 75795, "country": "Коста-Рика"}, {"distance": 50, "city": "Кронбон", "place": "Фонарь", "id": 75796, "country": "США"}, {"distance": 45, "city": "Мосриж", "place": "Дом", "id": 75797, "country": "Белоруссия"}, {"distance": 14, "city": "Роттерово", "place": "Дерево", "id": 75798, "country": "Уругвай"}, {"distance": 38, "city": "Росбург", "place": "Склон", "id": 75799, "country": "Мексика"}, {"distance": 39, "city": "Зеленодорф", "place": "Мост", "id": 75800, "country": "Таиланд"}, {"distance": 67, "city": "Лесогама", "place": "Забор", "id": 75801, "country": "Уругвай"}, {"distance": 91, "city": "Лиссабург", "place": "Речка", "id": 75802, "country": "Камбоджа"}, {"distance": 49, "city": "Варомск", "place": "Магазин", "id": 75803, "country": "Палау"}, {"distance": 40, "city": "Краснодам", "place": "Озеро", "id": 75804, "country": "Турция"}, {"distance": 14, "city": "Лесобирск", "place": "Лес", "id": 75805, "country": "Испания"}, {"distance": 16, "city": "Росбург", "place": "Фонарь", "id": 75806, "country": "Турция"}, {"distance": 7, "city": "Ньюлёв", "place": "Дорожка", "id": 75807, "country": "Чили"}, {"distance": 56, "city": "Новолёв", "place": "Площадь", "id": 75808, "country": "Венгрия"}, {"distance": 47, "city": "Новоярск", "place": "Магазин", "id": 75809, "country": "Италия"}, {"distance": 54, "city": "Лиссаанск", "place": "Серпантин", "id": 75810, "country": "Камбоджа"}, {"distance": 54, "city": "Крондам", "place": "Ратуша", "id": 75811, "country": "Финляндия"}, {"distance": 90, "city": "Мурламск", "place": "Лес", "id": 75812, "country": "Маврикий"}, {"distance": 11, "city": "Амстерелона", "place": "Офис", "id": 75813, "country": "Венгрия"}, {"distance": 97, "city": "Красногама", "place": "Площадь", "id": 75814, "country": "Исландия"}, {"distance": 4, "city": "Лейпанск", "place": "Лес", "id": 75815, "country": "Армения"}, {"distance": 100, "city": "Волоомск", "place": "Пристань", "id": 75816, "country": "Великобритания"}, {"distance": 34, "city": "Санктанск", "place": "Мост", "id": 75817, "country": "Латвия"}, {"distance": 99, "city": "Красногород", "place": "Переулок", "id": 75818, "country": "Шри-Ланка"}, {"distance": 2, "city": "Белгород", "place": "Дерево", "id": 75819, "country": "Камбоджа"}, {"distance": 60, "city": "Моссинки", "place": "Лес", "id": 75820, "country": "Палау"}, {"distance": 46, "city": "Ньюанск", "place": "Дом", "id": 75821, "country": "Белоруссия"}, {"distance": 92, "city": "Лейпбург", "place": "Могила", "id": 75822, "country": "Нидерланды"}, {"distance": 61, "city": "Лиссабон", "place": "Пристань", "id": 75823, "country": "Казахстан"}, {"distance": 39, "city": "Лиссаелона", "place": "Мост", "id": 75824, "country": "Египет"}, {"distance": 62, "city": "Мосбон", "place": "Скала", "id": 75825, "country": "Пакистан"}, {"distance": 41, "city": "Лиссастан", "place": "Улица", "id": 75826, "country": "Великобритания"}, {"distance": 92, "city": "Лиссалёв", "place": "Уступ", "id": 75827, "country": "Дания"}, {"distance": 8, "city": "Росярск", "place": "Гора", "id": 75828, "country": "Нидерланды"}, {"distance": 29, "city": "Лесоово", "place": "Дерево", "id": 75829, "country": "Малайзия"}, {"distance": 67, "city": "Зеленоелона", "place": "Набережная", "id": 75830, "country": "Испания"}, {"distance": 46, "city": "Крондам", "place": "Набережная", "id": 75831, "country": "Чили"}, {"distance": 71, "city": "Крономск", "place": "Море", "id": 75832, "country": "Италия"}, {"distance": 76, "city": "Ньюдам", "place": "Дача", "id": 75833, "country": "Египет"}, {"distance": 62, "city": "Барселона", "place": "Дорожка", "id": 75834, "country": "Лаос"}, {"distance": 2, "city": "Лейпламск", "place": "Переулок", "id": 75835, "country": "Дания"}, {"distance": 94, "city": "Лиссариж", "place": "Ручей", "id": 75836, "country": "Швеция"}, {"distance": 18, "city": "Лейповск", "place": "Лес", "id": 75837, "country": "Латвия"}, {"distance": 54, "city": "Зеленостан", "place": "Поместье", "id": 75838, "country": "Германия"}, {"distance": 9, "city": "Амстератск", "place": "Фонтан", "id": 75839, "country": "Израиль"}, {"distance": 44, "city": "Лейпдам", "place": "Фонарь", "id": 75840, "country": "Египет"}, {"distance": 97, "city": "Роттеровск", "place": "Здание", "id": 75841, "country": "Грузия"}, {"distance": 21, "city": "Амстератск", "place": "Аэропорт", "id": 75842, "country": "Литва"}, {"distance": 38, "city": "Лейпштадт", "place": "Двор", "id": 75843, "country": "Мальта"}, {"distance": 90, "city": "Барсгама", "place": "Озеро", "id": 75844, "country": "Китай"}, {"distance": 66, "city": "Муринск", "place": "Здание", "id": 75845, "country": "Греция"}, {"distance": 2, "city": "Кронбург", "place": "Фонарь", "id": 75846, "country": "Литва"}, {"distance": 38, "city": "Мосовск", "place": "Склон", "id": 75847, "country": "Мальдивы"}, {"distance": 91, "city": "Мосярск", "place": "Аэропорт", "id": 75848, "country": "Непал"}, {"distance": 36, "city": "Санктдорф", "place": "Здание", "id": 75849, "country": "Финляндия"}, {"distance": 66, "city": "Ньюгород", "place": "Замок", "id": 75850, "country": "Коста-Рика"}, {"distance": 64, "city": "Ньюгород", "place": "Лес", "id": 75851, "country": "Египет"}, {"distance": 23, "city": "Волоовск", "place": "Здание", "id": 75852, "country": "Румыния"}, {"distance": 31, "city": "Варомск", "place": "Фонарь", "id": 75853, "country": "Маврикий"}, {"distance": 80, "city": "Роттерград", "place": "Улица", "id": 75854, "country": "Израиль"}, {"distance": 83, "city": "Кронква", "place": "Двор", "id": 75855, "country": "Германия"}, {"distance": 41, "city": "Барсква", "place": "Улица", "id": 75856, "country": "Иордания"}, {"distance": 29, "city": "Лиссаинск", "place": "Улица", "id": 75857, "country": "Нидерланды"}, {"distance": 55, "city": "Росинск", "place": "Двор", "id": 75858, "country": "Бразилия"}, {"distance": 7, "city": "Амстеровск", "place": "Ручей", "id": 75859, "country": "Пакистан"}, {"distance": 33, "city": "Зеленостан", "place": "Склон", "id": 75860, "country": "Великобритания"}, {"distance": 53, "city": "Белбирск", "place": "Парк", "id": 75861, "country": "Великобритания"}, {"distance": 60, "city": "Лиссабирск", "place": "Статуя", "id": 75862, "country": "Иордания"}, {"distance": 61, "city": "Лейпдам", "place": "Дорожка", "id": 75863, "country": "Германия"}, {"distance": 9, "city": "Новолёв", "place": "Переулок", "id": 75864, "country": "Монголия"}, {"distance": 32, "city": "Росламск", "place": "Ручей", "id": 75865, "country": "Россия"}, {"distance": 81, "city": "Новоатск", "place": "Парк", "id": 75866, "country": "Шри-Ланка"}, {"distance": 77, "city": "Санктламск", "place": "Аэропорт", "id": 75867, "country": "Эстония"}, {"distance": 45, "city": "Зеленоламск", "place": "Дача", "id": 75868, "country": "Великобритания"}, {"distance": 78, "city": "Лиссаштадт", "place": "Ратуша", "id": 75869, "country": "Иордания"}, {"distance": 90, "city": "Варгама", "place": "Дерево", "id": 75870, "country": "Маврикий"}, {"distance": 56, "city": "Лесодорф", "place": "Гора", "id": 75871, "country": "Армения"}, {"distance": 67, "city": "Новобон", "place": "Могила", "id": 75872, "country": "Вьетнам"}, {"distance": 61, "city": "Лесоанск", "place": "Уступ", "id": 75873, "country": "Венесуэлла"}, {"distance": 62, "city": "Лиссастан", "place": "Фонарь", "id": 75874, "country": "Коста-Рика"}, {"distance": 8, "city": "Роттерстан", "place": "Дорожка", "id": 75875, "country": "ЮАР"}, {"distance": 4, "city": "Лиссасинки", "place": "Мост", "id": 75876, "country": "Египет"}, {"distance": 90, "city": "Роттеранск", "place": "Улочка", "id": 75877, "country": "Япония"}, {"distance": 61, "city": "Лиссагород", "place": "Дача", "id": 75878, "country": "Армения"}, {"distance": 54, "city": "Белриж", "place": "Офис", "id": 75879, "country": "Великобритания"}, {"distance": 21, "city": "Новоштадт", "place": "Улица", "id": 75880, "country": "Китай"}]}